{
    "8": {
        "frequency": 50,
        "c1ratio": 2,
        "c2ratio": 12,
        "c3ratio": 198.74616513272,
        "fm2to1": 26837.4016273176,
        "fm3to1": 4908.63011871415,
        "fm3to2": 3334.66720021342,
        "c1release": 4.49216247433265,
        "c2release": 3.89402849075975,
        "c3release": 5,
        "op1gain": 1,
        "op2gain": 1,
        "op3gain": 0.322
    },
    "11": {
        "frequency": 50,
        "c1ratio": 1,
        "c2ratio": 651.727357609711,
        "c3ratio": 3,
        "fm2to1": 36387.8884887288,
        "fm3to1": 4908.63011871415,
        "fm3to2": 28358.0098706149,
        "c1release": 5,
        "c2release": 5,
        "c3release": 5,
        "op1gain": 1,
        "op2gain": 0,
        "op3gain": 0
    },
    "4": {
        "frequency": 50,
        "c1ratio": 4,
        "c2ratio": 12,
        "c3ratio": 30,
        "fm2to1": 2000,
        "fm3to1": 4500,
        "fm3to2": 6000,
        "c1release": 3.63786832648871,
        "c2release": 2.25588424024641,
        "c3release": 3.1229863963039,
        "op1gain": 1,
        "op2gain": 1,
        "op3gain": 1
    },
    "5": {
        "frequency": 50,
        "c1ratio": 2,
        "c2ratio": 12,
        "c3ratio": 45,
        "fm2to1": 2000,
        "fm3to1": 4500,
        "fm3to2": 12000,
        "c1release": 4.49216247433265,
        "c2release": 3.89402849075975,
        "c3release": 4.37817120123203,
        "op1gain": 1,
        "op2gain": 1,
        "op3gain": 1
    },
    "10": {
        "frequency": 50,
        "c1ratio": 9,
        "c2ratio": 32,
        "c3ratio": 60,
        "fm2to1": 36387.8884887288,
        "fm3to1": 4908.63011871415,
        "fm3to2": 28358.0098706149,
        "c1release": 5,
        "c2release": 5,
        "c3release": 5,
        "op1gain": 1,
        "op2gain": 0,
        "op3gain": 0
    },
    "9": {
        "frequency": 50,
        "c1ratio": 6,
        "c2ratio": 12,
        "c3ratio": 198.74616513272,
        "fm2to1": 36387.8884887288,
        "fm3to1": 4908.63011871415,
        "fm3to2": 28358.0098706149,
        "c1release": 5,
        "c2release": 5,
        "c3release": 5,
        "op1gain": 1,
        "op2gain": 0,
        "op3gain": 0
    },
    "2": {
        "frequency": 50,
        "c1ratio": 4,
        "c2ratio": 4,
        "c3ratio": 15,
        "fm2to1": 1000,
        "fm3to1": 4500,
        "fm3to2": 2500,
        "c1release": 3.63786832648871,
        "c2release": 2.25588424024641,
        "c3release": 3.1229863963039,
        "op1gain": 1,
        "op2gain": 1,
        "op3gain": 1
    },
    "3": {
        "frequency": 50,
        "c1ratio": 4,
        "c2ratio": 6,
        "c3ratio": 30,
        "fm2to1": 1000,
        "fm3to1": 4500,
        "fm3to2": 2500,
        "c1release": 3.63786832648871,
        "c2release": 2.25588424024641,
        "c3release": 3.1229863963039,
        "op1gain": 1,
        "op2gain": 1,
        "op3gain": 1
    },
    "16": {
        "frequency": 50,
        "c1ratio": 1,
        "c2ratio": 0.25,
        "c3ratio": 868.347338935574,
        "fm2to1": 200000,
        "fm3to1": 200000,
        "fm3to2": 185754.301720688,
        "c1release": 5,
        "c2release": 0.01,
        "c3release": 0.01,
        "op1gain": 1,
        "op2gain": 0,
        "op3gain": 0
    },
    "0": {
        "frequency": 50,
        "c1ratio": 4,
        "c2ratio": 2,
        "c3ratio": 12,
        "fm2to1": 20,
        "fm3to1": 800.320128051221,
        "fm3to2": 1040.41616646659,
        "c1release": 3.63786832648871,
        "c2release": 1.42784650924025,
        "c3release": 2.37691991786448,
        "op1gain": 1,
        "op2gain": 1,
        "op3gain": 1
    },
    "15": {
        "frequency": 50,
        "c1ratio": 1,
        "c2ratio": 0.25,
        "c3ratio": 868.347338935574,
        "fm2to1": 200000,
        "fm3to1": 200000,
        "fm3to2": 185754.301720688,
        "c1release": 5,
        "c2release": 5,
        "c3release": 5,
        "op1gain": 1,
        "op2gain": 0,
        "op3gain": 0
    },
    "14": {
        "frequency": 50,
        "c1ratio": 1,
        "c2ratio": 0.5,
        "c3ratio": 655.995731625984,
        "fm2to1": 200000,
        "fm3to1": 144537.81512605,
        "fm3to2": 132426.303854875,
        "c1release": 5,
        "c2release": 5,
        "c3release": 5,
        "op1gain": 1,
        "op2gain": 0,
        "op3gain": 0
    },
    "1": {
        "frequency": 50,
        "c1ratio": 4,
        "c2ratio": 3,
        "c3ratio": 15,
        "fm2to1": 373.482726423903,
        "fm3to1": 800.320128051221,
        "fm3to2": 2000,
        "c1release": 3.63786832648871,
        "c2release": 1.68144507186858,
        "c3release": 2.37691991786448,
        "op1gain": 1,
        "op2gain": 1,
        "op3gain": 1
    },
    "6": {
        "frequency": 50,
        "c1ratio": 2,
        "c2ratio": 6,
        "c3ratio": 90,
        "fm2to1": 2500,
        "fm3to1": 4500,
        "fm3to2": 47032.1461918101,
        "c1release": 4.49216247433265,
        "c2release": 3.89402849075975,
        "c3release": 5,
        "op1gain": 1,
        "op2gain": 1,
        "op3gain": 0.322
    },
    "13": {
        "frequency": 50,
        "c1ratio": 1,
        "c2ratio": 2.5,
        "c3ratio": 15,
        "fm2to1": 2054.15499533147,
        "fm3to1": 21688.6754701881,
        "fm3to2": 10697.6123782846,
        "c1release": 5,
        "c2release": 5,
        "c3release": 5,
        "op1gain": 1,
        "op2gain": 0,
        "op3gain": 0
    },
    "12": {
        "frequency": 50,
        "c1ratio": 1,
        "c2ratio": 32,
        "c3ratio": 14.9393090569561,
        "fm2to1": 2054.15499533147,
        "fm3to1": 12725.0900360144,
        "fm3to2": 10697.6123782846,
        "c1release": 5,
        "c2release": 5,
        "c3release": 5,
        "op1gain": 1,
        "op2gain": 0,
        "op3gain": 0
    },
    "7": {
        "frequency": 50,
        "c1ratio": 2,
        "c2ratio": 12,
        "c3ratio": 120,
        "fm2to1": 2500,
        "fm3to1": 28304.6551954115,
        "fm3to2": 5575.56355875684,
        "c1release": 4.49216247433265,
        "c2release": 3.89402849075975,
        "c3release": 5,
        "op1gain": 1,
        "op2gain": 1,
        "op3gain": 0.322
    }
}