
{
    "0": {
        "frequency": 50,
        "c1ratio": 1,
        "c2ratio": 1,
        "c3ratio": 473.12258236628,
        "fm2to1": 500,
        "fm3to1": 0,
        "fm3to2": 0,
        "c1release": 5,
        "c2release": 5,
        "c3release": 5,
        "op1gain": 1,
        "op2gain": 1,
        "op3gain": 0
    },
  	 "1": {
        "frequency": 50,
        "c1ratio": 1,
        "c2ratio": 1,
        "c3ratio": 473.12258236628,
        "fm2to1": 500,
        "fm3to1": 500,
        "fm3to2": 0,
        "c1release": 5,
        "c2release": 5,
        "c3release": 5,
        "op1gain": 1,
        "op2gain": 1,
        "op3gain": 0
    },
	"2": {
        "frequency": 50,
        "c1ratio": 1,
        "c2ratio": 2,
        "c3ratio": 473.12258236628,
        "fm2to1": 500,
        "fm3to1": 1000,
        "fm3to2": 0,
        "c1release": 5,
        "c2release": 5,
        "c3release": 5,
        "op1gain": 1,
        "op2gain": 1,
        "op3gain": 0
    },
    "3": {
        "frequency": 50,
        "c1ratio": 1,
        "c2ratio": 2,
        "c3ratio": 473.12258236628,
        "fm2to1": 500,
        "fm3to1": 2500.256502601,
        "fm3to2": 0,
        "c1release": 5,
        "c2release": 5,
        "c3release": 5,
        "op1gain": 1,
        "op2gain": 1,
        "op3gain": 0
    },
    "4": {
        "frequency": 50,
        "c1ratio": 1,
        "c2ratio": 2,
        "c3ratio": 473.12258236628,
        "fm2to1": 750.77084167,
        "fm3to1": 53141.256502601,
        "fm3to2": 0,
        "c1release": 5,
        "c2release": 5,
        "c3release": 5,
        "op1gain": 1,
        "op2gain": 1,
        "op3gain": 0
    },
    "5": {
        "frequency": 50,
        "c1ratio": 1,
        "c2ratio": 2,
        "c3ratio": 473.12258236628,
        "fm2to1": 1093.77084167,
        "fm3to1": 53141.256502601,
        "fm3to2": 0,
        "c1release": 5,
        "c2release": 5,
        "c3release": 5,
        "op1gain": 1,
        "op2gain": 1,
        "op3gain": 0  
    },
     "6": {
        "frequency": 50,
        "c1ratio": 1,
        "c2ratio": 2,
        "c3ratio": 0,
        "fm2to1": 7000,
        "fm3to1": 0,
        "fm3to2": 0,
        "c1release": 5,
        "c2release": 5,
        "c3release": 5,
        "op1gain": 1,
        "op2gain": 1,
        "op3gain": 0
    },
     "7": {
        "frequency": 50,
        "c1ratio": 1,
        "c2ratio": 2,
        "c3ratio": 0,
        "fm2to1": 20541.5499533147,
        "fm3to1": 0,
        "fm3to2": 0,
        "c1release": 5,
        "c2release": 5,
        "c3release": 5,
        "op1gain": 1,
        "op2gain": 1,
        "op3gain": 0
    },
    "8": {
        "frequency": 50,
        "c1ratio": 1,
        "c2ratio": 2,
        "c3ratio": 0.5,
        "fm2to1": 200000,
        "fm3to1": 200000,
        "fm3to2": 200000,
        "c1release": 5,
        "c2release": 0.01,
        "c3release": 0.01,
        "op1gain": 1,
        "op2gain": 0,
        "op3gain": 0
    },
    "9": {
        "frequency": 50,
        "c1ratio": 1,
        "c2ratio": 2,
        "c3ratio": 50,
        "fm2to1": 13151.9274376417,
        "fm3to1": 82993.1972789116,
        "fm3to2": 19074.2963852208,
        "c1release": 5,
        "c2release": 0.188671714579055,
        "c3release": 0.01,
        "op1gain": 1,
        "op2gain": 0,
        "op3gain": 0
    },
     "10": {
        "frequency": 50,
        "c1ratio": 1,
        "c2ratio": 12,
        "c3ratio": 150,
        "fm2to1": 13151.9274376417,
        "fm3to1": 82993.1972789116,
        "fm3to2": 19074.2963852208,
        "c1release": 5,
        "c2release": 0.483896303901437,
        "c3release": 0.01,
        "op1gain": 1,
        "op2gain": 0,
        "op3gain": 0
    },
    "11": {
        "frequency": 50,
        "c1ratio": 1,
        "c2ratio": 20,
        "c3ratio": 200,
        "fm2to1": 13151.9274376417,
        "fm3to1": 13365.3461384554,
        "fm3to2": 19074.2963852208,
        "c1release": 5,
        "c2release": 0.483896303901437,
        "c3release": 0.549217145790554,
        "op1gain": 1,
        "op2gain": 0,
        "op3gain": 0
    },
     "12": {
        "frequency": 50,
        "c1ratio": 1,
        "c2ratio": 10,
        "c3ratio": 250,
        "fm2to1": 41696.6786714686,
        "fm3to1": 0,
        "fm3to2": 13258.6367880486,
        "c1release": 5,
        "c2release": 0.483896303901437,
        "c3release": 0.549217145790554,
        "op1gain": 1,
        "op2gain": 0,
        "op3gain": 0
    },
      "13": {
        "frequency": 50,
        "c1ratio": 1,
        "c2ratio": 10,
        "c3ratio": 250,
        "fm2to1": 5362.14485794318,
        "fm3to1": 17580.3654795251,
        "fm3to2": 0,
        "c1release": 5,
        "c2release": 1.1287795174538,
        "c3release": 1.72819430184805,
        "op1gain": 1,
        "op2gain": 0,
        "op3gain": 0
    },
    "14": {
        "frequency": 50,
        "c1ratio": 1,
        "c2ratio": 10,
        "c3ratio": 250,
        "fm2to1": 24089.6358543417,
        "fm3to1": 11177.8044551154,
        "fm3to2": 0,
        "c1release": 5,
        "c2release": 2.72721894250513,
        "c3release": 2.66574050308008,
        "op1gain": 1,
        "op2gain": 0,
        "op3gain": 0
    },
    "15": {
        "frequency": 50,
        "c1ratio": 1,
        "c2ratio": 20,
        "c3ratio": 50,
        "fm2to1": 43270.6415899693,
        "fm3to1": 43430.7056155796,
        "fm3to2": 0,
        "c1release": 5,
        "c2release": 2.72721894250513,
        "c3release": 2.66574050308008,
        "op1gain": 1,
        "op2gain": 0,
        "op3gain": 0
    },
    "16": {
        "frequency": 50,
        "c1ratio": 1,
        "c2ratio": 20,
        "c3ratio": 50,
        "fm2to1": 159717.220221422,
        "fm3to1": 165452.847805789,
        "fm3to2": 79498.4660530879,
        "c1release": 5,
        "c2release": 1.87612679671458,
        "c3release": 2.44672356262834,
        "op1gain": 1,
        "op2gain": 1,
        "op3gain": 0
    },
    "17": {
        "frequency": 50,
        "c1ratio": 1,
        "c2ratio": 40,
        "c3ratio": 150,
        "fm2to1": 200000,
        "fm3to1": 165452.847805789,
        "fm3to2": 79498.4660530879,
        "c1release": 5,
        "c2release": 1.87612679671458,
        "c3release": 2.44672356262834,
        "op1gain": 1,
        "op2gain": 1,
        "op3gain": 0
    },
 	"18": {
        "frequency": 50,
        "c1ratio": 1,
        "c2ratio": 40,
        "c3ratio": 1,
        "fm2to1": 133520.074696545,
        "fm3to1": 2240.89635854342,
        "fm3to2": 128291.316526611,
        "c1release": 5,
        "c2release": 1.87612679671458,
        "c3release": 2.44672356262834,
        "op1gain": 1,
        "op2gain": 1,
        "op3gain": 0
    },
     "19": {
        "frequency": 50,
        "c1ratio": 1,
        "c2ratio": 709.483793517407,
        "c3ratio": 373.616113111911,
        "fm2to1": 133520.074696545,
        "fm3to1": 2240.89635854342,
        "fm3to2": 128291.316526611,
        "c1release": 5,
        "c2release": 2.93342787474333,
        "c3release": 3.43870379876797,
        "op1gain": 1,
        "op2gain": 1,
        "op3gain": 0
    },
    "20": {
        "frequency": 50,
        "c1ratio": 203.548085901027,
        "c2ratio": 0,
        "c3ratio": 9.73722822462318,
        "fm2to1": 187888.488728825,
        "fm3to1": 2240.89635854342,
        "fm3to2": 128291.316526611,
        "c1release": 5,
        "c2release": 2.93342787474333,
        "c3release": 3.43870379876797,
        "op1gain": 1,
        "op2gain": 1,
        "op3gain": 0
    },
    "21": {
        "frequency": 50,
        "c1ratio": 203.548085901027,