{
	"pattrstorage" : 	{
		"name" : "AAA_fm1_freq",
		"slots" : 		{
			"1" : 			{
				"id" : 1,
				"data" : 				{
					"fm1_c1ratio" : [ 1, 0.5, 0.3, 0.6, 0.9, 1.3, 1.6, 1, 0.5, 1, 0.3 ],
					"fm1_c2ratio" : [ 3, 6, 9, 12, 3, 9, 3, 6, 1, 12, 1, 3, 6 ],
					"fm1_c3ratio" : [ 5, 2.5, 10, 2.5, 5, 2.5, 1.25 ],
					"fm1_freq" : [ 66 ],
					"fm1_r_c1ratio" : [ 0.0 ],
					"fm1_r_c2ratio" : [ 0.0 ],
					"fm1_r_c3ratio" : [ 0.0 ],
					"fm1_r_freq" : [ 2.0 ]
				}

			}
,
			"2" : 			{
				"id" : 2,
				"data" : 				{
					"fm1_c1ratio" : [ 1, 0.5, 0.3, 0.6, 0.9, 1.3, 1.6, 1, 0.5, 1, 0.3 ],
					"fm1_c2ratio" : [ 3, 6, 9, 12, 3, 9, 3, 6, 1, 12, 1, 3, 6 ],
					"fm1_c3ratio" : [ 5, 2.5, 10, 2.5, 5, 2.5, 1.25 ],
					"fm1_freq" : [ 66, 120, 60 ],
					"fm1_r_c1ratio" : [ 0.1 ],
					"fm1_r_c2ratio" : [ 0.1 ],
					"fm1_r_c3ratio" : [ 0.1 ],
					"fm1_r_freq" : [ 2.0 ]
				}

			}
,
			"3" : 			{
				"id" : 3,
				"data" : 				{
					"fm1_c1ratio" : [ 0.3, 7.600000000000001 ],
					"fm1_c2ratio" : [ 7.100000000000001 ],
					"fm1_c3ratio" : [ 7.5 ],
					"fm1_freq" : [ 81, 106, 65, 90, 35, 84, 82 ],
					"fm1_r_c1ratio" : [ 0.100000001490116 ],
					"fm1_r_c2ratio" : [ 0.100000001490116 ],
					"fm1_r_c3ratio" : [ 0.100000001490116 ],
					"fm1_r_freq" : [ 3.0 ]
				}

			}
,
			"4" : 			{
				"id" : 4,
				"data" : 				{
					"fm1_c1ratio" : [ 0.3, 7.600000000000001 ],
					"fm1_c2ratio" : [ 7.100000000000001 ],
					"fm1_c3ratio" : [ 7.5 ],
					"fm1_freq" : [ 101, 11 ],
					"fm1_r_c1ratio" : [ 0.100000001490116 ],
					"fm1_r_c2ratio" : [ 0.100000001490116 ],
					"fm1_r_c3ratio" : [ 0.100000001490116 ],
					"fm1_r_freq" : [ 3.0 ]
				}

			}
,
			"5" : 			{
				"id" : 5,
				"data" : 				{
					"fm1_c1ratio" : [ 0.3, 7.600000000000001 ],
					"fm1_c2ratio" : [ 7.100000000000001 ],
					"fm1_c3ratio" : [ 7.5 ],
					"fm1_freq" : [ 101, 11 ],
					"fm1_r_c1ratio" : [ 0.100000001490116 ],
					"fm1_r_c2ratio" : [ 0.100000001490116 ],
					"fm1_r_c3ratio" : [ 0.100000001490116 ],
					"fm1_r_freq" : [ 3.0 ]
				}

			}
,
			"6" : 			{
				"id" : 6,
				"data" : 				{
					"fm1_c1ratio" : [ 0.3, 7.600000000000001 ],
					"fm1_c2ratio" : [ 7.100000000000001 ],
					"fm1_c3ratio" : [ 7.5 ],
					"fm1_freq" : [ 101, 11 ],
					"fm1_r_c1ratio" : [ 0.100000001490116 ],
					"fm1_r_c2ratio" : [ 0.100000001490116 ],
					"fm1_r_c3ratio" : [ 0.100000001490116 ],
					"fm1_r_freq" : [ 3.0 ]
				}

			}
,
			"7" : 			{
				"id" : 7,
				"data" : 				{
					"fm1_c1ratio" : [ 8.9 ],
					"fm1_c2ratio" : [ 6.300000000000001 ],
					"fm1_c3ratio" : [ 0.6 ],
					"fm1_freq" : [ 3, 5 ],
					"fm1_r_c1ratio" : [ 0.100000001490116 ],
					"fm1_r_c2ratio" : [ 0.100000001490116 ],
					"fm1_r_c3ratio" : [ 0.100000001490116 ],
					"fm1_r_freq" : [ 1.0 ]
				}

			}
,
			"8" : 			{
				"id" : 8,
				"data" : 				{
					"fm1_c1ratio" : [ 0.3, 7.600000000000001 ],
					"fm1_c2ratio" : [ 7.100000000000001 ],
					"fm1_c3ratio" : [ 7.5 ],
					"fm1_freq" : [ 101, 11 ],
					"fm1_r_c1ratio" : [ 0.0 ],
					"fm1_r_c2ratio" : [ 0.0 ],
					"fm1_r_c3ratio" : [ 0.0 ],
					"fm1_r_freq" : [ 1.0 ]
				}

			}
,
			"9" : 			{
				"id" : 9,
				"data" : 				{
					"fm1_c1ratio" : [ 0.3, 7.600000000000001 ],
					"fm1_c2ratio" : [ 7.100000000000001 ],
					"fm1_c3ratio" : [ 7.5 ],
					"fm1_freq" : [ 101, 11 ],
					"fm1_r_c1ratio" : [ 0.0 ],
					"fm1_r_c2ratio" : [ 0.0 ],
					"fm1_r_c3ratio" : [ 0.0 ],
					"fm1_r_freq" : [ 0.75 ]
				}

			}
,
			"10" : 			{
				"id" : 10,
				"data" : 				{
					"fm1_c1ratio" : [ 0.3, 7.600000000000001 ],
					"fm1_c2ratio" : [ 7.100000000000001 ],
					"fm1_c3ratio" : [ 7.5 ],
					"fm1_freq" : [ 101, 11 ],
					"fm1_r_c1ratio" : [ 0.0 ],
					"fm1_r_c2ratio" : [ 0.0 ],
					"fm1_r_c3ratio" : [ 0.0 ],
					"fm1_r_freq" : [ 0.75 ]
				}

			}
,
			"11" : 			{
				"id" : 11,
				"data" : 				{
					"fm1_c1ratio" : [ 8.9 ],
					"fm1_c2ratio" : [ 6.300000000000001 ],
					"fm1_c3ratio" : [ 0.6 ],
					"fm1_freq" : [ 90 ],
					"fm1_r_c1ratio" : [ 0.0 ],
					"fm1_r_c2ratio" : [ 0.0 ],
					"fm1_r_c3ratio" : [ 0.0 ],
					"fm1_r_freq" : [ 10.0 ]
				}

			}
,
			"12" : 			{
				"id" : 12,
				"data" : 				{
					"fm1_c1ratio" : [ 8.9 ],
					"fm1_c2ratio" : [ 6.300000000000001 ],
					"fm1_c3ratio" : [ 0.6 ],
					"fm1_freq" : [ 3 ],
					"fm1_r_c1ratio" : [ 0.100000001490116 ],
					"fm1_r_c2ratio" : [ 0.100000001490116 ],
					"fm1_r_c3ratio" : [ 0.100000001490116 ],
					"fm1_r_freq" : [ 1.0 ]
				}

			}
,
			"13" : 			{
				"id" : 13,
				"data" : 				{
					"fm1_c1ratio" : [ 8.9 ],
					"fm1_c2ratio" : [ 6.300000000000001 ],
					"fm1_c3ratio" : [ 0.6 ],
					"fm1_freq" : [ 3 ],
					"fm1_r_c1ratio" : [ 0.100000001490116 ],
					"fm1_r_c2ratio" : [ 0.100000001490116 ],
					"fm1_r_c3ratio" : [ 0.100000001490116 ],
					"fm1_r_freq" : [ 1.0 ]
				}

			}
,
			"14" : 			{
				"id" : 14,
				"data" : 				{
					"fm1_c1ratio" : [ 8.9 ],
					"fm1_c2ratio" : [ 6.300000000000001 ],
					"fm1_c3ratio" : [ 0.6 ],
					"fm1_freq" : [ 3 ],
					"fm1_r_c1ratio" : [ 0.100000001490116 ],
					"fm1_r_c2ratio" : [ 0.100000001490116 ],
					"fm1_r_c3ratio" : [ 0.100000001490116 ],
					"fm1_r_freq" : [ 1.0 ]
				}

			}
,
			"15" : 			{
				"id" : 15,
				"data" : 				{
					"fm1_c1ratio" : [ 8.9 ],
					"fm1_c2ratio" : [ 6.300000000000001 ],
					"fm1_c3ratio" : [ 0.6 ],
					"fm1_freq" : [ 3 ],
					"fm1_r_c1ratio" : [ 0.100000001490116 ],
					"fm1_r_c2ratio" : [ 0.100000001490116 ],
					"fm1_r_c3ratio" : [ 0.100000001490116 ],
					"fm1_r_freq" : [ 1.0 ]
				}

			}
,
			"16" : 			{
				"id" : 16,
				"data" : 				{
					"fm1_c1ratio" : [ 8.9 ],
					"fm1_c2ratio" : [ 6.300000000000001 ],
					"fm1_c3ratio" : [ 0.6 ],
					"fm1_freq" : [ 3 ],
					"fm1_r_c1ratio" : [ 0.100000001490116 ],
					"fm1_r_c2ratio" : [ 0.100000001490116 ],
					"fm1_r_c3ratio" : [ 0.100000001490116 ],
					"fm1_r_freq" : [ 1.0 ]
				}

			}

		}

	}

}
