{
	"pattrstorage": {
		"name": "AAA_fm1_freq",
		"slots": {
			"1": {
				"id": 1,
				"data": {
					"fm1_c1ratio": [1, 0.5, 0.3, 0.6, 0.9, 1.3, 1.6, 1, 0.5, 1, 0.3],
					"fm1_c2ratio": [3, 6, 9, 12, 3, 9, 3, 6, 1, 12, 1, 3, 6],
					"fm1_c3ratio": [5, 2.5, 10, 2.5, 5, 2.5, 1.25],
					"fm1_freq": [66, 120, 60],
					"fm1_r_c1ratio": [0.100000001490116],
					"fm1_r_c2ratio": [0.100000001490116],
					"fm1_r_c3ratio": [0.100000001490116],
					"fm1_r_freq": [2.0]
				}
			},
			"2": {
				"id": 2,
				"data": {
					"fm1_c1ratio": [1, 0.5, 0.3, 0.6, 0.9, 1.3, 1.6, 1, 0.5, 1],
					"fm1_c2ratio": [3, 6, 9, 12, 3, 9, 3, 6, 1, 12, 6],
					"fm1_c3ratio": [5, 2.5, 10, 2.5, 5, 2.5, 1.25],
					"fm1_freq": [60, 75, 80, 89],
					"fm1_r_c1ratio": [0.100000001490116],
					"fm1_r_c2ratio": [0.100000001490116],
					"fm1_r_c3ratio": [0.100000001490116],
					"fm1_r_freq": [3.0]
				}
			},
			"3": {
				"id": 3,
				"data": {
					"fm1_c1ratio": [3, 6, 9, 12, 3, 9, 3, 6, 1, 12, 1, 3, 6],
					"fm1_c2ratio": [1, 0.5, 0.3, 0.6, 0.9, 1.3, 1.6, 1, 0.5, 1, 0.3],
					"fm1_c3ratio": [5, 2.5, 10, 2.5, 5, 2.5, 1.25],
					"fm1_freq": [48.5, 93],
					"fm1_r_c1ratio": [0.0],
					"fm1_r_c2ratio": [0.0],
					"fm1_r_c3ratio": [0.0],
					"fm1_r_freq": [0.0]
				}
			},
			"4": {
				"id": 4,
				"data": {
					"fm1_c1ratio": [20, 9, 4, 25, 30],
					"fm1_c2ratio": [14, 28, 7, 7, 28],
					"fm1_c3ratio": [110],
					"fm1_freq": [30, 32, 20, 48],
					"fm1_r_c1ratio": [0.0],
					"fm1_r_c2ratio": [0.0],
					"fm1_r_c3ratio": [0.0],
					"fm1_r_freq": [0.0]
				}
			},
			"5": {
				"id": 5,
				"data": {
					"fm1_c1ratio": [5],
					"fm1_c2ratio": [6],
					"fm1_c3ratio": [20, 10, 3],
					"fm1_freq": [48, 37],
					"fm1_r_c1ratio": [0.019999999552965],
					"fm1_r_c2ratio": [0.0],
					"fm1_r_c3ratio": [0.0],
					"fm1_r_freq": [0.037000000476837]
				}
			},
			"6": {
				"id": 6,
				"data": {
					"fm1_c1ratio": [5, 10],
					"fm1_c2ratio": [6, 8, 6, 4],
					"fm1_c3ratio": [20, 10, 30],
					"fm1_freq": [48.0, 37, 48],
					"fm1_r_c1ratio": [0.1],
					"fm1_r_c2ratio": [0.125],
					"fm1_r_c3ratio": [0.1],
					"fm1_r_freq": [0.75]
				}
			},
			"7": {
				"id": 7,
				"data": {
					"fm1_c1ratio": [8, 8.300000000000001],
					"fm1_c2ratio": [6, 7.5],
					"fm1_c3ratio": [8],
					"fm1_freq": [48, 37],
					"fm1_r_c1ratio": [0.419999986886978],
					"fm1_r_c2ratio": [3.0],
					"fm1_r_c3ratio": [2.0],
					"fm1_r_freq": [0.0]
				}
			},
			"8": {
				"id": 8,
				"data": {
					"fm1_c1ratio": [1, 2],
					"fm1_c2ratio": [3],
					"fm1_c3ratio": [2, 4],
					"fm1_freq": [55],
					"fm1_r_c1ratio": [0.007300000172108],
					"fm1_r_c2ratio": [0.025000000372529],
					"fm1_r_c3ratio": [0.0],
					"fm1_r_freq": [0.252000004053116]
				}
			},
			"9": {
				"id": 9,
				"data": {
					"fm1_c1ratio": [8, 8.300000000000001, 4],
					"fm1_c2ratio": [6, 7.5, 3, 1.5],
					"fm1_c3ratio": [8, 4],
					"fm1_freq": [60, 60, 60, 36],
					"fm1_r_c1ratio": [0.419999986886978],
					"fm1_r_c2ratio": [3.0],
					"fm1_r_c3ratio": [2.0],
					"fm1_r_freq": [0.75]
				}
			},
			"10": {
				"id": 10,
				"data": {
					"fm1_c1ratio": [1.5, 3, 0.75, 6, 1.5, 0.75],
					"fm1_c2ratio": [2.1],
					"fm1_c3ratio": [3.5],
					"fm1_freq": [60.5, 60],
					"fm1_r_c1ratio": [0.0],
					"fm1_r_c2ratio": [3.0],
					"fm1_r_c3ratio": [3.0],
					"fm1_r_freq": [0.0]
				}
			},
			"11": {
				"id": 11,
				"data": {
					"fm1_c1ratio": [2, 2.1, 1, 2.2, 2.2, 2.2, 1, 3],
					"fm1_c2ratio": [3, 2.5, 3.5],
					"fm1_c3ratio": [50],
					"fm1_freq": [65, 72, 63],
					"fm1_r_c1ratio": [0.0],
					"fm1_r_c2ratio": [0.0],
					"fm1_r_c3ratio": [0.0],
					"fm1_r_freq": [0.0]
				}
			},
			"12": {
				"id": 12,
				"data": {
					"fm1_c1ratio": [1, 4, 2, 1, 1],
					"fm1_c2ratio": [2, 5],
					"fm1_c3ratio": [3, 9, 6],
					"fm1_freq": [40, 70],
					"fm1_r_c1ratio": [0.029999999329448],
					"fm1_r_c2ratio": [0.013899999670684],
					"fm1_r_c3ratio": [0.037000000476837],
					"fm1_r_freq": [0.054000001400709]
				}
			},
			"13": {
				"id": 13,
				"data": {
					"fm1_c1ratio": [1.5],
					"fm1_c2ratio": [2, 1],
					"fm1_c3ratio": [3.5],
					"fm1_freq": [60.5, 60, 70, 70.5],
					"fm1_r_c1ratio": [0.0],
					"fm1_r_c2ratio": [3.0],
					"fm1_r_c3ratio": [3.0],
					"fm1_r_freq": [4.0]
				}
			},
			"14": {
				"id": 14,
				"data": {
					"fm1_c1ratio": [2],
					"fm1_c2ratio": [20],
					"fm1_c3ratio": [30],
					"fm1_freq": [30, 5],
					"fm1_r_c1ratio": [0.119999997317791],
					"fm1_r_c2ratio": [0.899999976158142],
					"fm1_r_c3ratio": [0.800000011920929],
					"fm1_r_freq": [0.5]
				}
			},
			"15": {
				"id": 15,
				"data": {
					"fm1_c1ratio": [1, 0.5],
					"fm1_c2ratio": [1, 3.5],
					"fm1_c3ratio": [1],
					"fm1_freq": [36, 12, 72],
					"fm1_r_c1ratio": [0.109999999403954],
					"fm1_r_c2ratio": [0.899999976158142],
					"fm1_r_c3ratio": [0.0],
					"fm1_r_freq": [3.099999904632568]
				}
			},
			"16": {
				"id": 16,
				"data": {
					"fm1_c1ratio": [8.9],
					"fm1_c2ratio": [6.300000000000001],
					"fm1_c3ratio": [0.6],
					"fm1_freq": [3],
					"fm1_r_c1ratio": [0.100000001490116],
					"fm1_r_c2ratio": [0.100000001490116],
					"fm1_r_c3ratio": [0.100000001490116],
					"fm1_r_freq": [1.0]
				}
			}
		}
	}
}
