{
	"pattrstorage" : 	{
		"name" : "AAA_fm2_freq",
		"slots" : 		{
			"1" : 			{
				"id" : 1,
				"data" : 				{
					"fm2_c1ratio" : [ 2 ],
					"fm2_c2ratio" : [ 8.0 ],
					"fm2_c3ratio" : [ 6.300000000000001 ],
					"fm2_freq" : [ 30 ],
					"fm2_r_c1ratio" : [ 0.0 ],
					"fm2_r_c2ratio" : [ 0.0 ],
					"fm2_r_freq" : [ 0.5 ],
					"fm3_r_c3ratio" : [ 0.0 ]
				}

			}
,
			"2" : 			{
				"id" : 2,
				"data" : 				{
					"fm2_c1ratio" : [ 0.4 ],
					"fm2_c2ratio" : [ 0.5 ],
					"fm2_c3ratio" : [ 4.3 ],
					"fm2_freq" : [ 61 ],
					"fm2_r_c1ratio" : [ 0.001000000047497 ],
					"fm2_r_c2ratio" : [ 0.001000000047497 ],
					"fm2_r_freq" : [ 3.0 ],
					"fm3_r_c3ratio" : [ 0.001000000047497 ]
				}

			}
,
			"3" : 			{
				"id" : 3,
				"data" : 				{
					"fm2_c1ratio" : [ 2 ],
					"fm2_c2ratio" : [ 8.0, 4 ],
					"fm2_c3ratio" : [ 6 ],
					"fm2_freq" : [ 30, 60 ],
					"fm2_r_c1ratio" : [ 0.5 ],
					"fm2_r_c2ratio" : [ 0.5 ],
					"fm2_r_freq" : [ 1.0 ],
					"fm3_r_c3ratio" : [ 0.5 ]
				}

			}
,
			"4" : 			{
				"id" : 4,
				"data" : 				{
					"fm2_c1ratio" : [ 2 ],
					"fm2_c2ratio" : [ 8.0, 4 ],
					"fm2_c3ratio" : [ 6 ],
					"fm2_freq" : [ 60 ],
					"fm2_r_c1ratio" : [ 0.125 ],
					"fm2_r_c2ratio" : [ 0.125 ],
					"fm2_r_freq" : [ 0.5 ],
					"fm3_r_c3ratio" : [ 0.125 ]
				}

			}
,
			"5" : 			{
				"id" : 5,
				"data" : 				{
					"fm2_c1ratio" : [ 8.0 ],
					"fm2_c2ratio" : [ 6.5 ],
					"fm2_c3ratio" : [ 4.2 ],
					"fm2_freq" : [ 50 ],
					"fm2_r_c1ratio" : [ 0.001000000047497 ],
					"fm2_r_c2ratio" : [ 0.001000000047497 ],
					"fm2_r_freq" : [ 3.0 ],
					"fm3_r_c3ratio" : [ 0.001000000047497 ]
				}

			}
,
			"6" : 			{
				"id" : 6,
				"data" : 				{
					"fm2_c1ratio" : [ 0.2 ],
					"fm2_c2ratio" : [ 3.9 ],
					"fm2_c3ratio" : [ 6.4 ],
					"fm2_freq" : [ 102 ],
					"fm2_r_c1ratio" : [ 0.001000000047497 ],
					"fm2_r_c2ratio" : [ 0.001000000047497 ],
					"fm2_r_freq" : [ 3.0 ],
					"fm3_r_c3ratio" : [ 0.001000000047497 ]
				}

			}
,
			"7" : 			{
				"id" : 7,
				"data" : 				{
					"fm2_c1ratio" : [ 8.700000000000001 ],
					"fm2_c2ratio" : [ 0.5 ],
					"fm2_c3ratio" : [ 9.700000000000001 ],
					"fm2_freq" : [ 84 ],
					"fm2_r_c1ratio" : [ 0.001000000047497 ],
					"fm2_r_c2ratio" : [ 0.001000000047497 ],
					"fm2_r_freq" : [ 3.0 ],
					"fm3_r_c3ratio" : [ 0.001000000047497 ]
				}

			}
,
			"8" : 			{
				"id" : 8,
				"data" : 				{
					"fm2_c1ratio" : [ 2.3 ],
					"fm2_c2ratio" : [ 7.1 ],
					"fm2_c3ratio" : [ 4.4 ],
					"fm2_freq" : [ 63 ],
					"fm2_r_c1ratio" : [ 0.001000000047497 ],
					"fm2_r_c2ratio" : [ 0.001000000047497 ],
					"fm2_r_freq" : [ 0.5 ],
					"fm3_r_c3ratio" : [ 0.001000000047497 ]
				}

			}
,
			"9" : 			{
				"id" : 9,
				"data" : 				{
					"fm2_c1ratio" : [ 1.7 ],
					"fm2_c2ratio" : [ 2.3 ],
					"fm2_c3ratio" : [ 4.4 ],
					"fm2_freq" : [ 71 ],
					"fm2_r_c1ratio" : [ 0.001000000047497 ],
					"fm2_r_c2ratio" : [ 0.001000000047497 ],
					"fm2_r_freq" : [ 0.5 ],
					"fm3_r_c3ratio" : [ 0.001000000047497 ]
				}

			}
,
			"10" : 			{
				"id" : 10,
				"data" : 				{
					"fm2_c1ratio" : [ 3, 6 ],
					"fm2_c2ratio" : [ 3.7, 2.4, 5.9 ],
					"fm2_c3ratio" : [ 8, 6.2, 12, 3, 5, 1 ],
					"fm2_freq" : [ 85, 81, 77, 85 ],
					"fm2_r_c1ratio" : [ 0.001000000047497 ],
					"fm2_r_c2ratio" : [ 0.001000000047497 ],
					"fm2_r_freq" : [ 0.5 ],
					"fm3_r_c3ratio" : [ 0.001000000047497 ]
				}

			}
,
			"11" : 			{
				"id" : 11,
				"data" : 				{
					"fm2_c1ratio" : [ 3.8 ],
					"fm2_c2ratio" : [ 2.0 ],
					"fm2_c3ratio" : [ 4.5 ],
					"fm2_freq" : [ 127 ],
					"fm2_r_c1ratio" : [ 0.001000000047497 ],
					"fm2_r_c2ratio" : [ 0.001000000047497 ],
					"fm2_r_freq" : [ 3.0 ],
					"fm3_r_c3ratio" : [ 0.001000000047497 ]
				}

			}
,
			"12" : 			{
				"id" : 12,
				"data" : 				{
					"fm2_c1ratio" : [ 3.2, 6.2, 7.5, 7.300000000000001, 9.800000000000001, 0.6, 5.800000000000001, 7.600000000000001 ],
					"fm2_c2ratio" : [ 0.6, 7.100000000000001, 4.2, 4.3, 5.300000000000001, 2.5, 9.1, 1.0, 9.5 ],
					"fm2_c3ratio" : [ 5.4, 9.700000000000001, 0.0, 0.3, 2.8, 8.800000000000001, 7.800000000000001, 9.200000000000001 ],
					"fm2_freq" : [ 65, 25, 48, 12, 94, 77, 102, 28, 71, 99, 73, 63, 125, 93, 98, 78 ],
					"fm2_r_c1ratio" : [ 0.001000000047497 ],
					"fm2_r_c2ratio" : [ 0.001000000047497 ],
					"fm2_r_freq" : [ 0.5 ],
					"fm3_r_c3ratio" : [ 0.001000000047497 ]
				}

			}
,
			"13" : 			{
				"id" : 13,
				"data" : 				{
					"fm2_c1ratio" : [ 2.3, 7.800000000000001, 5.7, 7.7, 9.200000000000001, 6.0 ],
					"fm2_c2ratio" : [ 8.200000000000001, 7.800000000000001, 3.1 ],
					"fm2_c3ratio" : [ 6.4 ],
					"fm2_freq" : [ 70, 41, 101, 54 ],
					"fm2_r_c1ratio" : [ 1.0 ],
					"fm2_r_c2ratio" : [ 1.0 ],
					"fm2_r_freq" : [ 1.0 ],
					"fm3_r_c3ratio" : [ 1.0 ]
				}

			}
,
			"14" : 			{
				"id" : 14,
				"data" : 				{
					"fm2_c1ratio" : [ 5 ],
					"fm2_c2ratio" : [ 5 ],
					"fm2_c3ratio" : [ 10 ],
					"fm2_freq" : [ 60 ],
					"fm2_r_c1ratio" : [ 2.5 ],
					"fm2_r_c2ratio" : [ 2.5 ],
					"fm2_r_freq" : [ 30.0 ],
					"fm3_r_c3ratio" : [ 5.0 ]
				}

			}
,
			"15" : 			{
				"id" : 15,
				"data" : 				{
					"fm2_c1ratio" : [ 12 ],
					"fm2_c2ratio" : [ 1 ],
					"fm2_c3ratio" : [ 3 ],
					"fm2_freq" : [ 60 ],
					"fm2_r_c1ratio" : [ 0.001000000047497 ],
					"fm2_r_c2ratio" : [ 0.001000000047497 ],
					"fm2_r_freq" : [ 30.0 ],
					"fm3_r_c3ratio" : [ 0.001000000047497 ]
				}

			}
,
			"16" : 			{
				"id" : 16,
				"data" : 				{
					"fm2_c1ratio" : [ 12 ],
					"fm2_c2ratio" : [ 1 ],
					"fm2_c3ratio" : [ 3 ],
					"fm2_freq" : [ 120, 60 ],
					"fm2_r_c1ratio" : [ 0.001 ],
					"fm2_r_c2ratio" : [ 0.001 ],
					"fm2_r_freq" : [ 0.5 ],
					"fm3_r_c3ratio" : [ 0.001 ]
				}

			}

		}

	}

}
