{
	"pattrstorage" : 	{
		"name" : "AAA_fm2_freq",
		"slots" : 		{
			"1" : 			{
				"id" : 1,
				"data" : 				{
					"fm2_c1ratio" : [ 1 ],
					"fm2_c2ratio" : [ 6.300000000000001 ],
					"fm2_c3ratio" : [ 4, 30 ],
					"fm2_freq" : [ 33, 60, 40 ],
					"fm2_r_c1ratio" : [ 0.100000001490116 ],
					"fm2_r_c2ratio" : [ 0.0 ],
					"fm2_r_freq" : [ 4.0 ],
					"fm3_r_c3ratio" : [ 0.0 ]
				}

			}
,
			"2" : 			{
				"id" : 2,
				"data" : 				{
					"fm2_c1ratio" : [ 1, 0.5, 0.3, 0.6, 0.9, 1.3, 1.6, 1, 0.5, 1, 0.3 ],
					"fm2_c2ratio" : [ 3, 6, 9, 12, 3, 9, 3, 6, 1, 12, 1, 3, 6 ],
					"fm2_c3ratio" : [ 5, 2.5, 10, 2.5, 5, 2.5, 1.25 ],
					"fm2_freq" : [ 66 ],
					"fm2_r_c1ratio" : [ 0.0 ],
					"fm2_r_c2ratio" : [ 0.0 ],
					"fm2_r_freq" : [ 2.0 ],
					"fm3_r_c3ratio" : [ 0.0 ]
				}

			}
,
			"3" : 			{
				"id" : 3,
				"data" : 				{
					"fm2_c1ratio" : [ 3 ],
					"fm2_c2ratio" : [ 6 ],
					"fm2_c3ratio" : [ 4 ],
					"fm2_freq" : [ 30 ],
					"fm2_r_c1ratio" : [ 0.0 ],
					"fm2_r_c2ratio" : [ 0.0 ],
					"fm2_r_freq" : [ 2.0 ],
					"fm3_r_c3ratio" : [ 0.0 ]
				}

			}
,
			"4" : 			{
				"id" : 4,
				"data" : 				{
					"fm2_c1ratio" : [ 0.3, 7.600000000000001 ],
					"fm2_c2ratio" : [ 7.100000000000001 ],
					"fm2_c3ratio" : [ 7.5 ],
					"fm2_freq" : [ 101, 11 ],
					"fm2_r_c1ratio" : [ 0.0 ],
					"fm2_r_c2ratio" : [ 0.0 ],
					"fm2_r_freq" : [ 2.0 ],
					"fm3_r_c3ratio" : [ 0.0 ]
				}

			}
,
			"5" : 			{
				"id" : 5,
				"data" : 				{
					"fm2_c1ratio" : [ 0.3, 7.600000000000001 ],
					"fm2_c2ratio" : [ 7.100000000000001 ],
					"fm2_c3ratio" : [ 7.5 ],
					"fm2_freq" : [ 101, 11 ],
					"fm2_r_c1ratio" : [ 0.0 ],
					"fm2_r_c2ratio" : [ 0.0 ],
					"fm2_r_freq" : [ 2.0 ],
					"fm3_r_c3ratio" : [ 0.0 ]
				}

			}
,
			"6" : 			{
				"id" : 6,
				"data" : 				{
					"fm2_c1ratio" : [ 0.3, 7.600000000000001 ],
					"fm2_c2ratio" : [ 7.100000000000001 ],
					"fm2_c3ratio" : [ 7.5 ],
					"fm2_freq" : [ 101, 11 ],
					"fm2_r_c1ratio" : [ 0.0 ],
					"fm2_r_c2ratio" : [ 0.0 ],
					"fm2_r_freq" : [ 2.0 ],
					"fm3_r_c3ratio" : [ 0.0 ]
				}

			}
,
			"7" : 			{
				"id" : 7,
				"data" : 				{
					"fm2_c1ratio" : [ 0.3, 7.600000000000001 ],
					"fm2_c2ratio" : [ 7.100000000000001 ],
					"fm2_c3ratio" : [ 7.5 ],
					"fm2_freq" : [ 101, 11 ],
					"fm2_r_c1ratio" : [ 0.0 ],
					"fm2_r_c2ratio" : [ 0.0 ],
					"fm2_r_freq" : [ 2.0 ],
					"fm3_r_c3ratio" : [ 0.0 ]
				}

			}
,
			"8" : 			{
				"id" : 8,
				"data" : 				{
					"fm2_c1ratio" : [ 7.5, 5.600000000000001 ],
					"fm2_c2ratio" : [ 1.0, 6.4 ],
					"fm2_c3ratio" : [ 4.4, 4.9, 4.600000000000001 ],
					"fm2_freq" : [ 11, 16, 51 ],
					"fm2_r_c1ratio" : [ 0.0 ],
					"fm2_r_c2ratio" : [ 0.0 ],
					"fm2_r_freq" : [ 2.0 ],
					"fm3_r_c3ratio" : [ 0.0 ]
				}

			}
,
			"9" : 			{
				"id" : 9,
				"data" : 				{
					"fm2_c1ratio" : [ 0.3 ],
					"fm2_c2ratio" : [ 8.6 ],
					"fm2_c3ratio" : [ 9.800000000000001 ],
					"fm2_freq" : [ 55 ],
					"fm2_r_c1ratio" : [ 0.100000001490116 ],
					"fm2_r_c2ratio" : [ 0.100000001490116 ],
					"fm2_r_freq" : [ 1.0 ],
					"fm3_r_c3ratio" : [ 0.100000001490116 ]
				}

			}
,
			"10" : 			{
				"id" : 10,
				"data" : 				{
					"fm2_c1ratio" : [ 2.2 ],
					"fm2_c2ratio" : [ 0.2 ],
					"fm2_c3ratio" : [ 4.800000000000001 ],
					"fm2_freq" : [ 120 ],
					"fm2_r_c1ratio" : [ 0.100000001490116 ],
					"fm2_r_c2ratio" : [ 0.100000001490116 ],
					"fm2_r_freq" : [ 1.0 ],
					"fm3_r_c3ratio" : [ 0.100000001490116 ]
				}

			}
,
			"11" : 			{
				"id" : 11,
				"data" : 				{
					"fm2_c1ratio" : [ 8.199999999999999, 7.2 ],
					"fm2_c2ratio" : [ 9.300000000000001, 5.4 ],
					"fm2_c3ratio" : [ 7.4 ],
					"fm2_freq" : [ 68, 126 ],
					"fm2_r_c1ratio" : [ 0.100000001490116 ],
					"fm2_r_c2ratio" : [ 0.100000001490116 ],
					"fm2_r_freq" : [ 1.0 ],
					"fm3_r_c3ratio" : [ 0.100000001490116 ]
				}

			}
,
			"12" : 			{
				"id" : 12,
				"data" : 				{
					"fm2_c1ratio" : [ 8.199999999999999, 7.2 ],
					"fm2_c2ratio" : [ 9.300000000000001, 5.4 ],
					"fm2_c3ratio" : [ 7.4 ],
					"fm2_freq" : [ 68, 126 ],
					"fm2_r_c1ratio" : [ 0.100000001490116 ],
					"fm2_r_c2ratio" : [ 0.100000001490116 ],
					"fm2_r_freq" : [ 1.0 ],
					"fm3_r_c3ratio" : [ 0.100000001490116 ]
				}

			}
,
			"13" : 			{
				"id" : 13,
				"data" : 				{
					"fm2_c1ratio" : [ 8.9 ],
					"fm2_c2ratio" : [ 6.300000000000001 ],
					"fm2_c3ratio" : [ 0.6 ],
					"fm2_freq" : [ 90 ],
					"fm2_r_c1ratio" : [ 0.100000001490116 ],
					"fm2_r_c2ratio" : [ 0.100000001490116 ],
					"fm2_r_freq" : [ 1.0 ],
					"fm3_r_c3ratio" : [ 0.100000001490116 ]
				}

			}
,
			"14" : 			{
				"id" : 14,
				"data" : 				{
					"fm2_c1ratio" : [ 8.9 ],
					"fm2_c2ratio" : [ 6.300000000000001 ],
					"fm2_c3ratio" : [ 0.6 ],
					"fm2_freq" : [ 3 ],
					"fm2_r_c1ratio" : [ 0.100000001490116 ],
					"fm2_r_c2ratio" : [ 0.100000001490116 ],
					"fm2_r_freq" : [ 1.0 ],
					"fm3_r_c3ratio" : [ 0.100000001490116 ]
				}

			}
,
			"15" : 			{
				"id" : 15,
				"data" : 				{
					"fm2_c1ratio" : [ 8.9 ],
					"fm2_c2ratio" : [ 6.300000000000001 ],
					"fm2_c3ratio" : [ 0.6 ],
					"fm2_freq" : [ 3 ],
					"fm2_r_c1ratio" : [ 0.100000001490116 ],
					"fm2_r_c2ratio" : [ 0.100000001490116 ],
					"fm2_r_freq" : [ 1.0 ],
					"fm3_r_c3ratio" : [ 0.100000001490116 ]
				}

			}
,
			"16" : 			{
				"id" : 16,
				"data" : 				{
					"fm2_c1ratio" : [ 12 ],
					"fm2_c2ratio" : [ 1 ],
					"fm2_c3ratio" : [ 3 ],
					"fm2_freq" : [ 120, 60 ],
					"fm2_r_c1ratio" : [ 0.001 ],
					"fm2_r_c2ratio" : [ 0.001 ],
					"fm2_r_freq" : [ 0.5 ],
					"fm3_r_c3ratio" : [ 0.001 ]
				}

			}

		}

	}

}
