{
	"pattrstorage" : 	{
		"name" : "AAA_fm2_shape",
		"slots" : 		{
			"1" : 			{
				"id" : 1,
				"data" : 				{
					"fm2_c1release" : [ 100 ],
					"fm2_c2release" : [ 100 ],
					"fm2_c3release" : [ 100 ],
					"fm2_gain" : [ 0.41 ],
					"fm2_op1gain" : [ 1 ],
					"fm2_op2gain" : [ 0.37 ],
					"fm2_op3gain" : [ 0.36 ],
					"fm2_r_c1release" : [ 1000.0 ],
					"fm2_r_c2release" : [ 1000.0 ],
					"fm2_r_c3release" : [ 1000.0 ],
					"fm2_r_gain" : [ 0.25 ],
					"fm2_r_op1gain" : [ 0.0 ],
					"fm2_r_op2gain" : [ 0.5 ],
					"fm2_r_op3gain" : [ 0.5 ]
				}

			}
,
			"2" : 			{
				"id" : 2,
				"data" : 				{
					"fm2_c1release" : [ 250, 50, 100, 10 ],
					"fm2_c2release" : [ 10 ],
					"fm2_c3release" : [ 10 ],
					"fm2_gain" : [ 1.0 ],
					"fm2_op1gain" : [ 1, 0.5, 1, 0.3, 0.3, 0.2, 1.0, 0.5, 0.7 ],
					"fm2_op2gain" : [ 0, 0.3, 0.5 ],
					"fm2_op3gain" : [ 0 ],
					"fm2_r_c1release" : [ 250.0 ],
					"fm2_r_c2release" : [ 250.0 ],
					"fm2_r_c3release" : [ 250.0 ],
					"fm2_r_gain" : [ 1.0 ],
					"fm2_r_op1gain" : [ 0.0 ],
					"fm2_r_op2gain" : [ 0.600000023841858 ],
					"fm2_r_op3gain" : [ 0.0 ]
				}

			}
,
			"3" : 			{
				"id" : 3,
				"data" : 				{
					"fm2_c1release" : [ 0.0, 37.072760009473264, 1132.390547966998611, 15.625, 1797.757319307731223, 246.774004658108254, 876.445297463772363, 664.752540998437894, 29.577018105278967, 4.051363587731914, 96.029023372728304, 132.032974247496242 ],
					"fm2_c2release" : [ 0.009353074360872, 876.445297463772363, 838.225956527522612, 0.0002, 216.768183997283188, 1278.55480347135699, 1437.721835901938448, 730.708934443120143, 838.225956527522612, 216.768183997283188 ],
					"fm2_c3release" : [ 5.979537570749097, 1041.845496983636622, 573.948778202376047, 1733.721405656813886, 1930.870630474232485, 67.650745034182734, 41.288469565727432, 0.009353074360872, 164.70859999999999, 1041.845496983636622, 20.45517362722693, 697.173730802416344, 315.50920651030134 ],
					"fm2_gain" : [ 1 ],
					"fm2_op1gain" : [ 0.79, 0.51, 0.6, 0.47, 0.18, 0.69, 0.32 ],
					"fm2_op2gain" : [ 0.66, 0.84, 0.31, 0.8, 0.63 ],
					"fm2_op3gain" : [ 0.32, 0.53, 0.55, 0.33, 0.81, 0.27, 0.97, 0.4, 0.36, 0.72, 0.22, 0.77, 0.67 ],
					"fm2_r_c1release" : [ 250.0 ],
					"fm2_r_c2release" : [ 250.0 ],
					"fm2_r_c3release" : [ 250.0 ],
					"fm2_r_gain" : [ 1.0 ],
					"fm2_r_op1gain" : [ 0.0 ],
					"fm2_r_op2gain" : [ 0.600000023841858 ],
					"fm2_r_op3gain" : [ 0.0 ]
				}

			}
,
			"4" : 			{
				"id" : 4,
				"data" : 				{
					"fm2_c1release" : [ 150 ],
					"fm2_c2release" : [ 25 ],
					"fm2_c3release" : [ 25 ],
					"fm2_gain" : [ 0.46 ],
					"fm2_op1gain" : [ 0.92, 0.9, 0.97, 0.46, 0.33 ],
					"fm2_op2gain" : [ 0.01, 0.53, 0.62 ],
					"fm2_op3gain" : [ 0.83 ],
					"fm2_r_c1release" : [ 250.0 ],
					"fm2_r_c2release" : [ 250.0 ],
					"fm2_r_c3release" : [ 250.0 ],
					"fm2_r_gain" : [ 1.0 ],
					"fm2_r_op1gain" : [ 0.0 ],
					"fm2_r_op2gain" : [ 0.600000023841858 ],
					"fm2_r_op3gain" : [ 0.0 ]
				}

			}
,
			"5" : 			{
				"id" : 5,
				"data" : 				{
					"fm2_c1release" : [ 150 ],
					"fm2_c2release" : [ 25 ],
					"fm2_c3release" : [ 25 ],
					"fm2_gain" : [ 0.46 ],
					"fm2_op1gain" : [ 0.92, 0.9, 0.97, 0.46, 0.33 ],
					"fm2_op2gain" : [ 0.01, 0.53, 0.62 ],
					"fm2_op3gain" : [ 0.83 ],
					"fm2_r_c1release" : [ 250.0 ],
					"fm2_r_c2release" : [ 250.0 ],
					"fm2_r_c3release" : [ 250.0 ],
					"fm2_r_gain" : [ 1.0 ],
					"fm2_r_op1gain" : [ 0.0 ],
					"fm2_r_op2gain" : [ 0.600000023841858 ],
					"fm2_r_op3gain" : [ 0.0 ]
				}

			}
,
			"6" : 			{
				"id" : 6,
				"data" : 				{
					"fm2_c1release" : [ 150 ],
					"fm2_c2release" : [ 25 ],
					"fm2_c3release" : [ 25 ],
					"fm2_gain" : [ 0.46 ],
					"fm2_op1gain" : [ 0.92, 0.9, 0.97, 0.46, 0.33 ],
					"fm2_op2gain" : [ 0.01, 0.53, 0.62 ],
					"fm2_op3gain" : [ 0.83 ],
					"fm2_r_c1release" : [ 250.0 ],
					"fm2_r_c2release" : [ 250.0 ],
					"fm2_r_c3release" : [ 250.0 ],
					"fm2_r_gain" : [ 1.0 ],
					"fm2_r_op1gain" : [ 0.0 ],
					"fm2_r_op2gain" : [ 0.600000023841858 ],
					"fm2_r_op3gain" : [ 0.0 ]
				}

			}
,
			"7" : 			{
				"id" : 7,
				"data" : 				{
					"fm2_c1release" : [ 150 ],
					"fm2_c2release" : [ 25 ],
					"fm2_c3release" : [ 25 ],
					"fm2_gain" : [ 0.46 ],
					"fm2_op1gain" : [ 0.92, 0.9, 0.97, 0.46, 0.33 ],
					"fm2_op2gain" : [ 0.01, 0.53, 0.62 ],
					"fm2_op3gain" : [ 0.83 ],
					"fm2_r_c1release" : [ 250.0 ],
					"fm2_r_c2release" : [ 250.0 ],
					"fm2_r_c3release" : [ 250.0 ],
					"fm2_r_gain" : [ 1.0 ],
					"fm2_r_op1gain" : [ 0.0 ],
					"fm2_r_op2gain" : [ 0.600000023841858 ],
					"fm2_r_op3gain" : [ 0.0 ]
				}

			}
,
			"8" : 			{
				"id" : 8,
				"data" : 				{
					"fm2_c1release" : [ 500 ],
					"fm2_c2release" : [ 100 ],
					"fm2_c3release" : [ 100 ],
					"fm2_gain" : [ 1 ],
					"fm2_op1gain" : [ 1 ],
					"fm2_op2gain" : [ 0.25 ],
					"fm2_op3gain" : [ 0.25 ],
					"fm2_r_c1release" : [ 250.0 ],
					"fm2_r_c2release" : [ 250.0 ],
					"fm2_r_c3release" : [ 250.0 ],
					"fm2_r_gain" : [ 1.0 ],
					"fm2_r_op1gain" : [ 0.0 ],
					"fm2_r_op2gain" : [ 0.600000023841858 ],
					"fm2_r_op3gain" : [ 0.0 ]
				}

			}
,
			"9" : 			{
				"id" : 9,
				"data" : 				{
					"fm2_c1release" : [ 27.993599999999997 ],
					"fm2_c2release" : [ 167.312880556160394 ],
					"fm2_c3release" : [ 718.860917950969224 ],
					"fm2_gain" : [ 1 ],
					"fm2_op1gain" : [ 0.17 ],
					"fm2_op2gain" : [ 0.07 ],
					"fm2_op3gain" : [ 0.58 ],
					"fm2_r_c1release" : [ 500.0 ],
					"fm2_r_c2release" : [ 5.0 ],
					"fm2_r_c3release" : [ 5.0 ],
					"fm2_r_gain" : [ 0.0 ],
					"fm2_r_op1gain" : [ 0.5 ],
					"fm2_r_op2gain" : [ 0.5 ],
					"fm2_r_op3gain" : [ 0.5 ]
				}

			}
,
			"10" : 			{
				"id" : 10,
				"data" : 				{
					"fm2_c1release" : [ 250, 750, 100 ],
					"fm2_c2release" : [ 250, 10 ],
					"fm2_c3release" : [ 250, 10, 100, 22 ],
					"fm2_gain" : [ 1 ],
					"fm2_op1gain" : [ 1 ],
					"fm2_op2gain" : [ 0.25 ],
					"fm2_op3gain" : [ 0.25 ],
					"fm2_r_c1release" : [ 500.0 ],
					"fm2_r_c2release" : [ 5.0 ],
					"fm2_r_c3release" : [ 5.0 ],
					"fm2_r_gain" : [ 0.0 ],
					"fm2_r_op1gain" : [ 0.5 ],
					"fm2_r_op2gain" : [ 0.5 ],
					"fm2_r_op3gain" : [ 0.5 ]
				}

			}
,
			"11" : 			{
				"id" : 11,
				"data" : 				{
					"fm2_c1release" : [ 250, 750, 100 ],
					"fm2_c2release" : [ 250, 10 ],
					"fm2_c3release" : [ 250, 10, 100, 22 ],
					"fm2_gain" : [ 1 ],
					"fm2_op1gain" : [ 1 ],
					"fm2_op2gain" : [ 0.25 ],
					"fm2_op3gain" : [ 0.25 ],
					"fm2_r_c1release" : [ 500.0 ],
					"fm2_r_c2release" : [ 5.0 ],
					"fm2_r_c3release" : [ 5.0 ],
					"fm2_r_gain" : [ 0.0 ],
					"fm2_r_op1gain" : [ 0.5 ],
					"fm2_r_op2gain" : [ 0.5 ],
					"fm2_r_op3gain" : [ 0.5 ]
				}

			}
,
			"12" : 			{
				"id" : 12,
				"data" : 				{
					"fm2_c1release" : [ 250, 750, 100 ],
					"fm2_c2release" : [ 250, 10 ],
					"fm2_c3release" : [ 250, 10, 100, 22 ],
					"fm2_gain" : [ 1 ],
					"fm2_op1gain" : [ 1 ],
					"fm2_op2gain" : [ 0.25 ],
					"fm2_op3gain" : [ 0.25 ],
					"fm2_r_c1release" : [ 500.0 ],
					"fm2_r_c2release" : [ 5.0 ],
					"fm2_r_c3release" : [ 5.0 ],
					"fm2_r_gain" : [ 0.0 ],
					"fm2_r_op1gain" : [ 0.5 ],
					"fm2_r_op2gain" : [ 0.5 ],
					"fm2_r_op3gain" : [ 0.5 ]
				}

			}
,
			"13" : 			{
				"id" : 13,
				"data" : 				{
					"fm2_c1release" : [ 500 ],
					"fm2_c2release" : [ 500 ],
					"fm2_c3release" : [ 500 ],
					"fm2_gain" : [ 1 ],
					"fm2_op1gain" : [ 1 ],
					"fm2_op2gain" : [ 0.25 ],
					"fm2_op3gain" : [ 0.25 ],
					"fm2_r_c1release" : [ 500.0 ],
					"fm2_r_c2release" : [ 5.0 ],
					"fm2_r_c3release" : [ 5.0 ],
					"fm2_r_gain" : [ 0.0 ],
					"fm2_r_op1gain" : [ 0.5 ],
					"fm2_r_op2gain" : [ 0.5 ],
					"fm2_r_op3gain" : [ 0.5 ]
				}

			}
,
			"14" : 			{
				"id" : 14,
				"data" : 				{
					"fm2_c1release" : [ 1000 ],
					"fm2_c2release" : [ 1000 ],